SET NAMES UTF8;
DROP DATABASE IF EXISTS jianshu;
CREATE DATABASE jianshu CHARSET=UTF8;
USE `jianshu`;

CREATE TABLE `jianshu_index` (
    `iid` int PRIMARY KEY AUTO_INCREMENT,
    `tid` int,
    `uid` int,
    `title` varchar(128),
    `abstract` varchar(128),
    `uname` varchar(32),
    `pinglun` int(11),
    `dianzan` int(11),
    `image` varchar(64)
) ENGINE=InnoDB DEFAULT CHARSET=utf8;

INSERT INTO `jianshu_index`(`iid`,`tid`,`uid`,`title`,`abstract`,`uname`,`pinglun`,`dianzan`,`image`) VALUES
    (1,1,15,'奚梦瑶维密台步稳定，两套服饰秀出彩，网友：豪门梦有望实现','【注：本文由〖Aidress〗原创发布，禁止转载。】 今年的维密大会虽说已经结束，不过其带来的流量新闻才算是刚刚开...','Aidress','4','5','http://127.0.0.1:3000/img/index/index_01.jpg'),
    (null,1,15,'我用Python爬了4400条淘宝商品数据，竟发现了这些“潜规则”套路','本文记录了笔者用 Python 爬取淘宝某商品的全过程，并对商品数据进行了挖掘与分析，最终得出结论。 项目内容 本...','919b0c54458f','3','70','http://127.0.0.1:3000/img/index/index_02.jfif'),
    (null,2,15,'飞翔','我缓缓的走在河堤岸 初冬的寒风阵阵袭来 水面荡起微微的涟漪 我依着围栏静静的眺望 那一河的波澜 像极了人生的起伏涨...','山鬼姑娘','62','64','http://127.0.0.1:3000/img/index/index_03.jpeg'),
    (null,3,2,'中秋节','幸福的一天，上午去大伯家吃饭，大妈准备了一桌菜，跟大伯聊了一下最近的生活还有工作。下午赶到仙桃奶奶家，奶奶做的菜真...','叶子卷','0','9','http://127.0.0.1:3000/img/index/index_04.jpg'),
    (null,5,6,'王阳明：人的七个层次','古人用"奴、徒、工、匠、师、家、圣"七个层次来演绎人生道路。 ①奴：非自愿工作，需要别人监督鞭策； ②徒：能力不足...','曹会智','10','42','http://127.0.0.1:3000/img/index/index_05.jpg'),
    (null,5,15,'一个不正经的长线项目。','项目，一个卖创意的项目。 长线？可能你不太喜欢，大伙儿都中意短期羊毛。But，又不去积累，怎么出来混啊…… 造这是...','推推会','0','33','http://127.0.0.1:3000/img/index/index_06.jpg'),
    (null,4,4,'幸福的家从整理开始，怦然心动的人生从断舍离开始20180628','一、开场 200期印象：传说、经典、震撼 传说，我们200期是易效能的一个经典，这期的学员人数刷新记录，教练团也是...','刘丽红快乐精灵','0','9','http://127.0.0.1:3000/img/index/index_07.jpg'),
    (null,7,3,'俩人_140字小说','一对骑摩托的男女撞死在了电线杆上。 脑浆迸裂，极惨。 人说晚上那闹鬼… 经过时，都是低眉匆匆。 一晚月光，阴风震震...','华阳真逸','6','6','http://127.0.0.1:3000/img/index/index_08.jfif'),
    (null,7,15,'“写作五步曲 ”| 打通文章思路的五个方面','提起写文字，你会想到什么场景呢？ 文思泉涌？一气呵成？ 然而，对于我们来说，常有的状态是卡在提笔的第一步。 所以，...','Fruits老师','24','100','http://127.0.0.1:3000/img/index/index_09.jpg'),
    (null,6,15,'网赚：那些日赚500元的人都在做什么偏门生意','互联网上赚上日挣五百元钱对于很多人来说非常神秘，很多人想了解，但是也没有渠道，很多小白有这样的疑惑，其次还有许多人...','灰产圈','14','326','http://127.0.0.1:3000/img/index/index_10.jpg'),
    (null,4,7,'马云被问用不用微信，这四句话的回答足以可见高情商','说起马云相信在国内很多人都是知道的，就这么一个简单的名字很多人都会竖起大拇指，教师出身的马云打造了市值万亿的阿里巴...','掌中额度','6','49','http://127.0.0.1:3000/img/index/index_11.jpg'),
    (null,2,4,'富豪|140微','按理说这20亿的单子司空见惯，不会让他心里起多少波澜。 总觉得哪里不对，多年大风大浪过来，他的直觉从不说谎。 把对...','漫步田鸡','7','7','http://127.0.0.1:3000/img/index/index_12.jfif'),
    (null,1,1,'6岁断鼻子，14岁下肢瘫痪，17岁脚断，43岁票房56亿，他是如何成为人生赢家？','文/麦大人 近日，硬汉吴京连续上了热搜。 都是照片惹得“祸”，吴京在多个宣传海报里使用同一张照片：照片中吴京身穿黑...','麦大人','19','85','http://127.0.0.1:3000/img/index/index_13.jfif'),
    (null,2,5,'挂像英雄～林俊德…','伟大的军事科学家林俊德~~生命不息、战斗不止…… 中国工程院院士（1938年3月13日—2012年5月31日）福建...','任铁玲','94','84','http://127.0.0.1:3000/img/index/index_14.jpeg'),
    (null,3,7,'历史｜国已是新国（107）出征漠北1','“陛下，李广利将军求见。”一名太监进来禀告。 “传他进来。”汉武帝暂且坐了下来。 “陛下，臣有负陛下的圣恩。”李广...','近忆华','136','84','http://127.0.0.1:3000/img/index/index_15.jpg'),
    (null,3,1,'如果全世界都是精神病……','奇葩说有一期的辩题是：奇葩村有一口愚人井，喝了井水的人会变得意识错乱，颠倒黑白，所有人都喝了，那你喝不喝？ 肖家少...','素手调羹','33','83','http://127.0.0.1:3000/img/index/index_16.jpg'),
    (null,4,1,'豆瓣9.6，顶级神剧回归','要说世界上最可怕的犯罪团伙，非毒枭集团莫属。 在富可敌国的金钱支持下，这帮人什么都干得出来。 无数人在金钱诱惑之下...','悟空尘','5','82','http://127.0.0.1:3000/img/index/index_17.jpg'),
    (null,5,1,'我有钱了，你回来吧。','（一） 我十五岁强吻过一个女生，刚开始她反抗，我以为她腼腆，把她按在墙上，刚要霸王硬上弓。没想到她一把抓住我的下体...','陈青涛','147','220','http://127.0.0.1:3000/img/index/index_18.jpg'),
    (null,7,3,'我懒得回复那个天天跟我道早安的男人了',' 在我的微信好友列表里有一个微信号叫rao的朋友，确切地说，我不知道该不该将对方视为朋友。约莫十年前，一个偶然的机...','贺碧琼','179','223','http://127.0.0.1:3000/img/index/index_19.jpg'),
    (null,6,2,'我不想再贩卖我的故事了','文/白鹭 01. 今天，微信公众号后台收到一个读者的一段话，正当我打算安静地去读完那些文字的时候，眼前突然出现了几...','白鹭姑娘','276','219','http://127.0.0.1:3000/img/index/index_20.jpg'),
    (null,6,2,'坚持跑步一个月后，我瘸了','一 清晨发了一条朋友圈： 坚持跑步一个月后，我瘸了。 十分钟后。 老板回信：严不严重，不会影响周二和客户会面吧？ ...','浮离先生','179','213','http://127.0.0.1:3000/img/index/index_21.jfif')

USE `jianshu`;

CREATE TABLE `jianshu_tag` (
    `tid` int PRIMARY KEY AUTO_INCREMENT,
    `tag` varchar(32),
    `subtitle` varchar(64),
    `title` varchar(128),
    `image` varchar(64)
)   ENGINE=InnoDB DEFAULT CHARSET=utf8;

INSERT INTO `jianshu_tag`(`tid`,`tag`,`subtitle`,`title`,`image`) VALUES
    (1,"创业","欢迎关注公众号简宝玉( 公众号ID : jianshu4321 )后台回复“指南”获取玩转简书绝密珍","欢迎关注公众号简宝玉( 公众号ID : jianshu4321 )后台回复“指南”获取玩转简书绝密珍贵资料汇总；有问题，找宝玉。简宝玉同志会专程为你答疑解惑关于简书的一切。本专题仅收录与创业相关的内容，如：创业者经历、大学生创客心得、电子商务、创业项目分析、团队管理、商业模式、创客时评等。","http://127.0.0.1:3000/img/tag/tag_01.jpeg"),
    (2,"自然科普","本专题仅收涉及自然科学(生物、天文、物理等)的科普、介绍、发现类文章，以及自然科学科普书籍、纪录片等
    ","本专题仅收涉及自然科学(生物、天文、物理等)的科普、介绍、发现类文章，以及自然科学科普书籍、纪录片等推荐，旨在让读者看到更新奇广阔的世界。","http://127.0.0.1:3000/img/tag/tag_02.jpg"),
    (3,"故事","故事专题，不论是旅行生活中亲身经历的真实故事，还是童话玄幻遐想的虚构故事，这里记录你的每个故事。欢迎","故事专题，不论是旅行生活中亲身经历的真实故事，还是童话玄幻遐想的虚构故事，这里记录你的每个故事。所投稿件必须是一个完整的故事，故事包括但不限于：小说、世间故事、叙事散文、以叙事为主的回忆录……","http://127.0.0.1:3000/img/tag/tag_03.jpg"),
    (4,"读书","读书专题收录与读书有关的书评、读书笔记、阅读方法、读书清单等文章。文中不得出现非简书的链接;包括但不","读书专题收录与读书有关的书评、读书笔记、阅读方法、读书清单等文章。文中不得出现非简书的链接;包括但不限于公众号、二维码、头条号、微博、一点资源等带有广告性质的信息; 配图不能带有水印。请不要直接摘抄原文的话就来投稿。请注意排版美观、请不要密集投稿。","http://127.0.0.1:3000/img/tag/tag_04.jpg"),
    (5,"旅行·在路上","邂逅一个国家，讲述一座城市，这里有你期待的诗与远方。1.投稿请查看https://www.jians","邂逅一个国家，讲述一座城市，这里有你期待的诗与远方。了解相关内容，鼓励作者优先投到自己所写内容所属的地区/大洲子专题；","http://127.0.0.1:3000/img/tag/tag_05.jfif"),
    (6,"@IT·互联网","欢迎关注公众号简宝玉( 公众号ID : jianshu4321 )后台回复“指南”获取玩转简书绝密珍","欢迎关注公众号简宝玉( 公众号ID : jianshu4321 )后台回复“指南”获取玩转简书绝密珍贵资料汇总；有问题，找宝玉。简宝玉同志会专程为你答疑解惑关于简书的一切。","http://127.0.0.1:3000/img/tag/tag_06.jpg"),
    (7,"手绘","本专题是绘画爱好者的乐园，欢迎互相分享学习;关于专题投稿要求详见https://www.jiansh","加入专题官方微信群，爱画画的小伙伴们都在这里！进群方式:添加主编微信: lzx_122520，验证申请注明来自简书，进群后改备注打招呼发作品;投稿须知：欢迎大家来投递以下类型的稿件：1、原创手绘作品2、原创漫画3、绘画教程绘画工具没有限制，手绘、板绘、鼠绘都Ok，用大脚趾画画我也拦不住你啊！","http://127.0.0.1:3000/img/tag/tag_07.jpg"),
    (8,"简书电影","欢迎关注公众号简宝玉( 公众号ID : jianshu4321 )后台回复“指南”获取玩转简书绝密珍","欢迎关注公众号简宝玉( 公众号ID : jianshu4321 )后台回复“指南”获取玩转简书绝密珍贵资料汇总；有问题，找宝玉。简宝玉同志会专程为你答疑解惑关于简书的一切。和简书一起探索电影世界，欢迎订阅官方公众号：简书电影（jianshuyingyin）","http://127.0.0.1:3000/img/tag/tag_08.jpg"),
    (9,"摄影","生活本无趣 光影挽留年 用图片 说故事 记录生活 记录美好 每个人都是独特的艺术家 用快门捕捉你双眼","生活本无趣 光影挽留年 用图片 说故事 记录生活 记录美好 每个人都是独特的艺术家 用快门捕捉你双眼所见，心有所感的一切 ","http://127.0.0.1:3000/img/tag/tag_9.jpg"),
    (10,"连载小说","欢迎关注公众号简宝玉( 公众号ID : jianshu4321 )后台回复“指南”获取玩转简书绝密珍","欢迎关注公众号简宝玉( 公众号ID : jianshu4321 )后台回复“指南”获取玩转简书绝密珍贵资料汇总；有问题，找宝玉。简宝玉同志会专程为你答疑解惑关于简书的一切。本专题收录的作品类型：各种类别的小说、有特定主题的专栏文章。","http://127.0.0.1:3000/img/tag/tag_10.jpg"),
    (11,"诗","诗，一座由孤独看守的花园主编：海子三月归古诗词编审：北京眠石、花屋主人萧寒、瑾檀yuying、云淡风","诗，一座由孤独看守的花园主编：海子三月归古诗词编审：北京眠石、花屋主人萧寒、瑾檀yuying、云淡风轻110、恨铁成钢、幽小窗、振公子、潇寒月、江南莫之、道医王宥先、仓西闲客、Delia常青藤、牾绌 <br>现代诗编审：玄思_、静铃音、竹桦、三水林枫、阿亮的月亮、若水1314、暮雨清风、宸蓝、安城的真金、屈冰、小曼的岛、随影姑娘、上官雪e","http://127.0.0.1:3000/img/tag/tag_11.jpeg"),
    (12,"婚姻育儿","婚姻是细水长流，育儿是自我修行。婚姻育儿专题投稿须知：1、文章内容与婚姻育儿无关拒收。2、排版整齐，","婚姻是细水长流，育儿是自我修行。婚姻育儿专题投稿须知：<br>1、文章内容与婚姻育儿无关拒收。<br>2、排版整齐，文章请分段，文章内字体请不要放大➕粗黑体，一千字配一张图片为宜，段首请不要空格。","http://127.0.0.1:3000/img/tag/tag_12.jpg"),
    (13,"娱乐圈","欢迎关注公众号简宝玉( 公众号ID : jianshu4321 )后台回复“指南”获取玩转简书绝密珍","欢迎关注公众号简宝玉( 公众号ID : jianshu4321 )后台回复“指南”获取玩转简书绝密珍贵资料汇总；有问题，找宝玉。简宝玉同志会专程为你答疑解惑关于简书的一切。<br>在你心情压抑时，在你情绪低落时，在你无聊时，你都可以来这里。这里有你想看的八卦，这里有娱乐最新消息。我们在这里等你！","http://127.0.0.1:3000/img/tag/tag_13.jfif"),
    (14,"程序员","如果你是程序员，或者有一颗喜欢写程序的心，喜欢分享技术干货、项目经验、程序员日常囧事等等，欢迎投稿《","如果你是程序员，或者有一颗喜欢写程序的心，喜欢分享技术干货、项目经验、程序员日常囧事等等，欢迎投稿《程序员》专题。<br>投稿须知：<br>1.收录相关技术文章，但不限于技术，也可以是项目经验类的文章和程序员日常。<br>2.文章內不得有任何推广信息。包括但不限于公众号、微博、微信，更不得在通过投稿后再修改文章加入推广信息。你可以将这些推广以及个人信息放在个人主页介绍里。<br>3.字数极少，段落混乱，大段代码没有放到代码框的文章不收录","http://127.0.0.1:3000/img/tag/tag_14.jpg"),
    (15,"国学与传统文化","国学即中国固有的学术，而传统文化是指中国传统社会，中华民族的整体生活方式和价值系统，其精神学术层面，","国学即中国固有的学术，而传统文化是指中国传统社会，中华民族的整体生活方式和价值系统，其精神学术层面，包括知识、信仰、艺术、宗教、哲学、法律、道德等。本专题收录与国学及传统文化相关的讨论及思考，欢迎各位朋友投稿。","http://127.0.0.1:3000/img/tag/tag_15.jpg"),
    (16,"简书交友","据说在简书认真写作的人都可以在这里找到TA的灵魂伴侣。定制脱单社群和线下活动：https://www","据说在简书认真写作的人都可以在这里找到TA的灵魂伴侣。<br>玩转简书第一步，从【简书交友】开始。专题接受简书交友、简书同城、交友故事和情书，详见投稿须知：","http://127.0.0.1:3000/img/tag/tag_16.jpg"),
    (17,"短篇小说","借一斑略知全豹 ，以一目尽传精神。阅读简书最好看的故事，欢迎订阅官方公众号：茶点故事（jians","借一斑略知全豹 ，以一目尽传精神。<br>阅读简书最好看的故事，欢迎订阅官方公众号：茶点故事（jianshu_teahouse）","http://127.0.0.1:3000/img/tag/tag_17.jpg"),
    (18,"生活家","每个人都是生活家 1.生活家收录范围：美食、美妆护肤、穿搭、手工手账、旅行攻略、购物指南以及测评、宠","每个人都是生活家 <br>1.生活家收录范围：美食、美妆护肤、穿搭、手工手账、旅行攻略、购物指南以及测评、宠物植物、育儿指南、家装指南、运动健身（非专业）、健康养生、及其他贴近生活的兴趣爱好<br>所有让生活变得更好的技能和经验，（比如教你p照片，记录瘦身过程等）纯粹生活感悟不收<br>2.内容原创、鼓励从生活中的自身经验发掘生活的美好与乐趣，鼓励图文并茂。 <br>3. 文内不得出现个人推广性质的额外链接，例如微信号，微博。更不得在通过投稿后再修改文章加入推广信息。 ","http://127.0.0.1:3000/img/tag/tag_18.jpg"),
    (19,"原创儿童文学","自由的想象是空气，离开了它，鱼儿会窒息，草木会失色，心灵会枯萎……【原创儿童文学】专题最新投稿指","自由的想象是空气，离开了它，鱼儿会窒息，草木会失色，心灵会枯萎……<br>【原创儿童文学】专题最新投稿指南 <br>投稿须知:<br>1.本专题只收原创故事、绘本、童诗。<br>2.长篇请改投子专题:【原创儿童文学——连载作品合集】 ","http://127.0.0.1:3000/img/tag/tag_19.jpeg"),
    (20,"上班这点事儿","欢迎关注公众号简宝玉( 公众号ID : jianshu4321 )后台回复“指南”获取玩转简书绝密珍","欢迎关注公众号简宝玉( 公众号ID : jianshu4321 )后台回复“指南”获取玩转简书绝密珍贵资料汇总；有问题，找宝玉。简宝玉同志会专程为你答疑解惑关于简书的一切。<br>本专题仅收录求职、简历、换工作、职业规划、招聘、职场干货、上班感悟、管理提升、工作效率等与上班相关文章。","http://127.0.0.1:3000/img/tag/tag_20.jpeg"),
    (21,"@产品","欢迎来到@产品专题，本专题汇集了30多万的小伙伴，每天有100篇优质文章的投稿，更有优质的产品社群。","欢迎来到@产品专题，本专题汇集了30多万的小伙伴，每天有100篇优质文章的投稿，更有优质的产品社群。<br>@产品专题主要收录的是：产品、设计、技术、运营、体验、文档、工具、经验总结、项目总结等类型的优质文章。","http://127.0.0.1:3000/img/tag/tag_21.jpg"),
    (22,"漫画","欢迎关注公众号简宝玉( 公众号ID : jianshu4321 )后台回复“指南”获取玩转简书绝密珍","欢迎关注公众号简宝玉( 公众号ID : jianshu4321 )后台回复“指南”获取玩转简书绝密珍贵资料汇总；有问题，找宝玉。简宝玉同志会专程为你答疑解惑关于简书的一切。<br>这！里！有！漫！画！","http://127.0.0.1:3000/img/tag/tag_22.jpg"),
    (23,"简书脱单","于千万人中遇见你所要遇见的人，投稿请参考：https://www.jianshu.com/p/ccd","于千万人中遇见你所要遇见的人，投稿请参考：<br>https://www.jianshu.com/p/ccd953cecf4a<br>定制脱单社群和线下活动：<br>https://www.jianshu.com/p/5130dfc2423d","http://127.0.0.1:3000/img/tag/tag_23.jpg")




USE `jianshu`;

CREATE TABLE `jianshu_user` (
  `uid` int(11) PRIMARY KEY AUTO_INCREMENT,
  `uname` varchar(32) ,
  `upwd` varchar(32) ,
  `email` varchar(64) ,
  `phone` varchar(16) ,
  `guanzhu` int(11) ,
  `fensi` int(11) ,
  `zishu` int(11) ,
  `xihuan` int(11),
  `user_name` varchar(16)
) ENGINE=InnoDB DEFAULT CHARSET=utf8;

INSERT INTO `jianshu_user` (`uid`, `uname`, `upwd`, `email`, `phone`, `guanzhu`, `fensi`, `zishu`,`xihuan`,`user_name`) VALUES
    (1, 'dingding', '123456', 'ding@qq.com', '13511011000', 34, 542, 0, 52 ,'香蕉皮'),
    (2, 'dangdang', '123456', 'dang@qq.com', '13501234568', 74, 1412, 1.2, 51,'香蕉皮'),
    (3, 'doudou', '123456', 'dou@qq.com', '13501234569', 234, 5442, 1.4, 42,'香蕉皮'),
    (4, 'yaya', '123456', 'ya@qq.com', '13501234560', 64, 58441, 2.1, 65,'香蕉皮'),
    (5, '1111', '111111', '441977193@qq.com', '18357100796', 23, 241, 3.5, 47,'香蕉皮'),
    (6, 'ABCD', '123456', '123@qq.com', '13538894495', 26, 12442, 0.9, 95,'香蕉皮'),
    (7, 'mohk', '123456', '11@qq.com', '13512312312', 12, 5214, 4.2, 63,'香蕉皮'),
    (8, '121123', 'w13945128995', '491000888@qq.com', '13213389258', 21, 252, 2.4, 74,'香蕉皮'),
    (9, '555555', '5555555', '55555555@163.com', '13400000000', 65, 5413, 5.1, 125,'香蕉皮'),
    (10, 'xuyong', '123456', '123456789@qq.com', '15525623622', 23, 1425, 2.1, 321,'香蕉皮'),
    (11, 'admin', 'cxy930123', 'mail@xingyu1993.cn', '13580510164', 112, 847, 1.6, 65,'香蕉皮'),
    (12, 'siyongbo', '900427', '616188545@qq.com', '18447103998', 25, 2141, 1.8, 741,'香蕉皮'),
    (13, 'qwerty', '123456', '1091256014@qq.com', '15617152367', 98, 3256, 1.3, 365, '香蕉皮'),
    (14, 'dingziqiang', '456456', '996534706@qq.com', '15567502520', 125, 2142, 2.3, 362,'香蕉皮'),
    (15, '123456', '123456', '471062503@qq.com', '18898405759', 74, 324, 2.9, 652,'香蕉皮')


